userName,content,score,at
soeryadi theo,"capek² download, malah gak bisa daftar dengan alasan email/no hp sudah terdaftar......",1,2026-02-25 06:38:32
Aisya Umami,"gabisa daftar, hapus aja apk nya",1,2026-02-25 01:45:53
Adriene Ad,aplikasi dk baguss,1,2026-02-19 06:37:36
Hendra Hasim CPL (HENDRA HASIM),enakk kopinya,5,2026-02-17 06:35:53
Bayu 426,kupon hilang setelah top up,1,2026-02-15 10:08:04
Vanny Amalia,"overall bagus, cuman untuk ketersediaan store yang ada dimalang ga semua store masuk. kyk sore di Ijen contohnya, masa kalah sama aplikasi kompetitor kyk kopken, fore",3,2026-02-08 02:09:54
fahmi husen,Coba,5,2026-01-26 10:03:13
Lia fashionsby2,aplikasi gak guna. udah daftar kok gak bisa sign in,1,2026-01-22 07:56:47
Melvan Harefa,aplikasi paling jelek yg saya temukan,1,2026-01-18 05:35:47
Jeffri Saputra Hutauruk,Pelayanan buruk pantas sepi 😁😁😁 Lokasi Pematangsiantar. Pindah haluan ke fore yg super ramah.,1,2026-01-16 14:16:14
Liya Listika,"sumpah gak paham sama aplikasi ini, isi e-code malah exp. mohon kalau buat aplikasi yg bagus dong masa download intruksinya membingungkan, maaf saya hapus lagi aplikasinya.",1,2026-01-15 12:00:47
Adipati premium,keren banget,5,2026-01-13 06:17:00
Marcelino Fortis Sembiring,"ini gimna nii tiba2 ke logout, kirim lupa password di email yang terdaftar tidak bisa terus",1,2026-01-08 05:08:17
Medina Sukmawati,aplikasi ccd baru isi saldo tbtb keluar sendiri trus ga bisa masuk lg padahal email sama password nya bener!!!,1,2026-01-08 05:02:23
Muhammad Rudiansyah,Tidak bisa mengirim otp,1,2026-01-06 22:42:17
ros mhia,GK bisa masuk2,1,2026-01-04 04:36:49
Pendi Y larosa,"udah join, otp udah masuk tapi tiba mau login tetap invalid",1,2025-12-31 08:28:42
farhandhofin rizki,bintang 1,1,2025-12-16 10:14:37
Refangga Adittia,mantap,5,2025-12-16 06:43:57
rudi hermawan,nice shoot,5,2025-12-15 07:55:51
MARHAMAH MEMEM,kok klik join gk bisa bisa buat daftar .. padahal otp udah terkirim dan benar . tp GK bisa klik join sekarang di paling bawah . Aplikasi apa ini .. baru kali ini sy melihat aplikasi seperti ini daftar gk bisa . gimana mau login dan order wkwkwkwk......,1,2025-12-05 14:02:40
Agus Budi Laksono,"tolong lah jaman udah maju,masa sampe sekarang ga bisa pakai pembayaran Qris atau E-wallet lainnya sih., sampe kapan Starbucks nyediain cuman bisa top up 50k?",1,2025-12-05 00:01:10
Syariful Alam,"Saya order 2 kopi di Starbuck Green Terrace Taman Mini Jakarta. Tanggal 27-11-2025. sekitar pukul 13.00an Kasir perempuan gemuk dan kasir cowok, menipu saya dengan mengatakan saya dapat gratis Tuna..., tapi di bill saya ditagih Tiga Item termasuk harga Tuna.... tersebut. Kalau bukan strategi resmi Starbuck, Mohon keduanya dipecat. Terima Kasih",1,2025-11-27 12:23:42
Naomi Nazhifa,aplikasi ini kinerjanya bagus banget,5,2025-11-26 08:23:56
Wildan Maulana,"aneh, brand lokal apps jauh lebih bagus dan fungsional, dan kopi brand lokal lebih enak daripada disini.",1,2025-11-16 04:54:32
Ridho Alfadillah,"udh daftar ga bisa login, lupa password ga dikirim kode Verifikasi",1,2025-11-15 03:55:30
Frida Nurcahyani,"Update donk supaya bisa bayar via QRIS!, jangan harus top up dulu, sudah kuno, brand besar kalah sama App sebelah..",1,2025-11-09 15:05:18
abilene lola,sudah pengajuan email. semoga ada tanggapan segera.,3,2025-11-03 03:43:13
Dessy Astrinita,baru download tapi keterangan tidak ada signal padahal sudah coba pakai wifi dan Paket data.,1,2025-10-28 06:01:27
Muhammad Jaffar Rayhannur Marpaung,"betul rupanya rata rata yang di tulis di komentar, app nya jelek, otp code aja gabisa dikirimkan, coba evaluasi dan maintenance lagi.",1,2025-10-27 12:37:16
Steven Valianto,lumayan,3,2025-10-22 13:09:35
albert albert,Selama pemakaian tidak ada Masalah. dan tingkatkan keamanan nya untuk Starbucks Indonesia,5,2025-10-14 05:25:35
Jodi Harbianto,apaan tiba² not internet Khan GK jls padahal internet normal lancar 134 bps,1,2025-10-10 04:35:26
rraleonora,my favorite drink🔥,5,2025-10-08 11:28:14
Erhandi Deynez Safa,Sangat Menganggumkan.,5,2025-10-07 09:47:53
VA NARMAN,beyum pernah cuman buat konten aku saja hahahahahaha 2025.,5,2025-10-05 07:57:16
AjiYudo - Rynd,ga bisa login,1,2025-10-03 00:10:16
Dewi Cahyani,lagi buka promo tiba-tiba log out sudah input Email dan password yang benar katanya invalid mau reset password tapi gak masuk2/terima link reset password nya padahal kan selama ini notifikasi masuk ke Email tersebut,1,2025-10-01 02:12:43
Siantar Man,"Masalah sudah selesai, akan tetapi kenapa tidak ada kompensasi terhadap akun yang HP nya dinyatakan rooted? ckckck...",4,2025-09-28 18:05:44
tomi hartomy,aplikasi tiba2 ga bisa login rooted device gimana nih min mau jajan juga,3,2025-09-25 07:02:55
Mama Esther,Best service🙃🫰,5,2025-09-25 05:08:19
Annisa Selvia,ga ada perbaikan ya? gw baca komen isinya smw sama ga useless pisan ini app. malah disuruh kirim email tp ttp aja komen2 yg baru isinya pd komplen ga bs masuk app. AYO RAMAI2 HAPUS APLIKASINYA. nyampah doank,1,2025-09-24 15:50:48
SiSam Elz,aplikasi tdk bs login tulisan finish di bawah sekali tidak bs di tekan,1,2025-09-24 03:07:52
Dekwie pauL,"cuman pamer logo, unfaedah app ini",1,2025-09-23 16:14:01
aris arifianto,"kenapa aplikasi tidak bisa di gunakan? selalu muncul ""your device is detected as a rooted device....""",1,2025-09-23 14:05:49
Billy Wijaya,cozy and good coffee,5,2025-09-23 11:40:28
Rendy Gilbery Rantung,kena devive scurity. booo 👎,1,2025-09-23 11:37:53
A Sunrise,"Hpku gak di root anjir, root atau engga kan bukan urusan kalian, bukan aplikasi bank juga kalian",1,2025-09-23 04:47:22
Roy Gon,"kedetec root? wey salah mapping data lu... sudah di lakukan menonaktifkan developer mode, hasilnya sama aja, hadeh bilang aja mau ngambil balance buat biaya operasional sok sok an device rooting.. Dasar miskin",1,2025-09-22 05:55:37
Gazel Syah Nandia,payah nih aplikasi,1,2025-09-21 13:36:33
vicko agung wiyono,Hp saya ga root tp kok di sebut rooted device ya? Saya update aplikasi starbuck. Tadinya bisa dibuka. Setelah di update hp saya di sebut rooted device. Pdhl saya ga pernah root hp saya. Sampai saya cek ke google dan download root checker juga kata root checker hp saya ga di root. Kenapa ini?,4,2025-09-21 10:26:59
Iglesia Regina Violin,ini mau masuk kok gak bisa? malah cuma kata finish dibawah. terus selanjutnya apa? sebelah mana pilihan sign in nya nih,2,2025-09-21 04:07:54
E Anna,"aplikasi tiba2 tulisan rooted device pdhl sedang gak dipakai pas mau masuk semua pengaturan dh disetting ttp gak bs, pdhl sering saya gunakan. Developer yg bagian mn yg gak diaktifkan?",1,2025-09-20 14:41:10
Lau Tana,"mau sign aja susah anjir, kocak emang",1,2025-09-20 11:41:35
music hitz,"brand terkenal tapi aplikasi bobrok, HP baru beli masa di bilang root, udah banyak komentar tapi ga ada perbaikan",1,2025-09-20 10:55:16
Sulis Tiani,"kok aplikasinya sekarang ga bisa dibuka, tulisannya ""your device is detected as a rooted service"" padahal selama ini baik2 saja dan ga diapa2in aneh banget",1,2025-09-20 08:24:17
meinia w,tidak bisa dipakai,1,2025-09-20 00:57:15
Indah Permatasari,"ini gimana sih aplikasinya, gak bisa login. masa tombol finish ada dibawah, kalo pake android gak bisa di klik 🥲",5,2025-09-19 08:33:10
Liliek Wijayanti,"sudah aktifkan mode developer, tetap tidak bisa buka applikasi.. gimana nih",1,2025-09-19 03:59:39
patricia prawita,Aplikasi di update tapi terus keluar tulisan your device is detected as rooted device........saya sudah ke setelan dan udh matiin semua developer setting tp masih tidak bisa,1,2025-09-19 01:39:48
hadieee -,kacau njir buka di hp lama gw detected as root di hp samsung s23 tombol finishnya kaga bisa dipencet,1,2025-09-18 10:14:10
Yohana Tamba,apa sih aplikasi di root. saya gak bisa pake aplikasinya,1,2025-09-18 08:20:34
lina hartono,"setiap udah selesai milih minuman, udh ketik password pasti loading nya luamaaaaaaaaaaa bangetttt akhirnya menyerah gajadi pesen,, dah gitu aja terus sampe tetangga gue anaknya enem",1,2025-09-17 11:26:25
Eric,"Tiba2 sdh tdk bs masuk lagi ke app, blgnya hape sya di root.. Aneh yg lain bs cm app bucks aja yg ga bs.. Gimana kabar yg saldonya banyak tuh... alamat angus tuh saldonya... scam kah??",1,2025-09-17 05:33:32
Moh Ridwan Hidayat,aplikasi sampah,1,2025-09-16 09:11:37
Sheila Syagita,"BERTAHUN-TAHUN BAIK² AJA. TETIBA ADA NOTIF ""AS ROOTED DEVICE"" SETELAH BIKIN VIDEO DI TIKTOK, VIRAL, TERNYATA GA CUMA SAYA DOANG YG KAYAK GINI",1,2025-09-15 10:39:25
Qiesa Qies,ga bisa kebuka aneh aplikasi nya ngabisin kuota buat download doang👎,1,2025-09-14 08:41:17
Rosyid A.,masa HP saya dikira sudah di root. padahal ga pernah root sama sekali,1,2025-09-14 06:04:12
surya nata,"kenapa habis di update, malah error sih. pas didepan kasir lagi. untung masih ada debit. kenapa bisa begini sih updatenya. hp saya bukan rooted device woi...",1,2025-09-13 08:22:23
ari setiawan,apk jelek gak bisa loging 😔😔😔,1,2025-09-13 00:57:06
tsov soviana,"ini kenapa hbs diupgrade jadi dikunci ""your device is a detected as a rooted device"" mana saldo masih banyak. 😡😡😡",1,2025-09-12 03:33:16
Toni Tjan,perfect,5,2025-09-12 01:47:34
Izhar,"Starbuck card di hp saya setelah di update malah error rooted device, anah padahal selama ini tidak ada masalah, bagaimana ini solusinya?",1,2025-09-11 15:13:25
Jons William,gk ada angin gk ada hujan katanya rooted device..kan aneh,1,2025-09-11 04:32:07
Yanti Jkt,aneh di instal tp ga bs di buka,2,2025-09-10 14:23:07
Hilda Syakinah,"saya baru update tapi ada tampilan ""your device is detected as a rooted device"" dan sudah Developer Mode tetap gak bisa, sayang nih member saya",2,2025-09-10 06:29:23
Teguh Sembiring,tidak bisa di buka aplikasi nya,1,2025-09-09 06:54:31
Jojo,"aplikasi sampah, device udh mati opsi developer masih kedetek root. developer nya lulusan sd?",1,2025-09-09 04:59:03
Arie Bucharie,"dianggap pake rooted software padahal ngga, apa sensitif sama hape China ya?",1,2025-09-09 04:35:25
Melly Melati,"your device is detected as a rooted device. Taeeee lahhh.. pdahal member lama & poin jg masih banyak, pas mau scan byr malah ga bs login.",1,2025-09-09 03:16:24
Dewi Darniyanti,ini knp aplikasi ga bsa log in sih rooted device udh uninstall trs install lgi ttep sama.. tolong diperbaiki sehingga bisa digunakan kembali,1,2025-09-09 00:01:46
dewik setiawati,"kirain hp aku yang jls kok root"" Mulu. pas liat ulasan eh ternyata apknya yg jlk🤣. pantesan retingnya rendah... ini klw gak di paksa mas/mbanya karena sering bngt beli Starbuck suru bikin card MLS bgt percara beli Tumbler Mulu.",1,2025-09-08 11:29:23
puti andam,"padahal biasanya baik baik saja, kenapa updet kali ini bermasalah...tolong diperbaiki",1,2025-09-07 16:42:08
juwita mulyandari,gara gara lupa password terus install ulang beberapa x tetep ga bisa kebuka aplikasinya parah banget,2,2025-09-07 16:32:24
Marcos,ga ada tombol masuk aplikasi aplikasi yang aneh... masa diinstall di HP samsung A33 letak finishnya tengah2 di paling bawah .. sama aja suruh keluar aplikasi... 🤔,1,2025-09-07 14:40:45
Prima Satriya,saya juga update malah error.... GK banget sich,1,2025-09-06 05:55:17
Abdul Mufid,"Your device is detected as a rooted device. To avoid something you don't want, you are not allowed to access this application. What is this? After the update, this word appears in the application, and my application cannot be opened at all, even though my cellphone is not rooted.",1,2025-09-05 20:41:27
kim hiang,udh top up msh da saldo pas mau pake sudh di kunci parah,1,2025-09-05 13:18:08
Oki Hermanto,habis di update malah gabisa dipake,1,2025-09-05 06:45:25
Rahma 21,"gak bisa login, ketika di klik lupa password gak ada email masuk",1,2025-09-05 06:09:13
spanix,Abis bikin acc tetapi setelahnya tidak dapat masuk/login. Selalu di bilang salah user or password...ampe males. Update per 05.09.25 applikasi tidak dapat dibuka dengan message hape terdeteksi di root..sejak kapan smartphone samsung S series bisa di root.,2,2025-09-05 05:29:42
Bambang Santosa,"masalah dengan root device katanya, padahal ga di root sama sekali",1,2025-09-05 03:51:17
Bayu Wahyu,Aplikasi payah kenap gak bisa dibuka padahal g diroot hape saya,1,2025-09-05 03:20:11
fauzi almadani,"maksudnya apa ini... apps baru di upgrade kok malah error ""your device is detected as a rooted device"" jangan sembarangan ya bilang hp saya di root. TOLONG PERBAIKI INI SEGERA !!",1,2025-09-04 15:05:37
Irvan Maulana,"wah, kok habis update terbaru malah dianggap pakai root ya? Padahal masih bawaan xiaomi hyperos 2...",3,2025-09-04 08:54:56
anton wiyono,baru aja instal pake hape baru..merk oppo Reno 13F 5G..malah terdeteksi hape root²an..gak bisa dipakai aplikasinya..di instal bberapa kali ttep aja terdetek hape root2an..pdahal Hp baru langsung beli di storenya oppo..konyol sekali ini aplikasi ini..auto uninstal selamanya..gak jelas...pantes rating 2.4 sekelas Sbux..parah sih..,1,2025-09-04 06:27:53
Bambang Santosa,"tiba tiba hari ini bilang tidak bisa pakai statbuck karena rooted hape androidnya, padahal ga diapa apain. parah kali. cacad bener",1,2025-09-04 03:15:34
Mas Bejo Taruma Negara,habis update ga bisa dibuka malah pemberitahuan rooted device mulu pdhl sblmnya aman² aja,1,2025-09-04 00:20:31
Retno Pangastuti,sudah diupgrade kok malah tidak mau dibuka...tolong diperbaiki,3,2025-09-03 23:55:41
nevo hendarwanto,ini abis update malah gak bisa kepake baru di top up dan bintang dah gold,1,2025-09-03 23:41:53
Endah Noe,knp retry trus sdh d unistal trus instal lgi tetep retry,5,2025-09-03 09:30:22
doanurm,mantap,5,2025-09-03 07:48:42
Ahmad Efendi,tidak bisa kirim kode otp SMS karena terlalu lama kirim kode otp SMS mohon perbaiki,1,2025-08-29 10:13:43
Lulu Harahap,"tolong dong, baru juga mau log in, salah masukin email diangka doang, aturan 79 termasuk 17, susah banget buat registernya",2,2025-08-16 14:50:29
Ligar chanel,ok,5,2025-08-06 03:59:35
Fernando Tanggang,Aplikasi nya tiba tiba sulit dibuka,4,2025-07-30 06:53:40
Gina Devina,"Karakter khusus tidak bisa dipakai login di apps. Web bisa. maksudnya apa ? poin sudah banyak. tukar poin hanya khusus apps. mau nya apa? pikir sendiri aja. daripada buat cerita panjang, solusi tidak kunjung ada. kalau niat ya bisa.",1,2025-07-18 07:24:16
Alex Mulyana,"Daftar akun baru gak bisa bisa , pas udah daftar berhasil , eh login nya malah yg gak terdaftar email passwordnya",1,2025-07-16 08:24:41
Rahmawati 95,buruk,1,2025-07-13 14:32:24
sari alkaff,mau login reset paswd tp d email g dikirim2 g beres aplikasi nya,1,2025-07-13 10:13:38
Yunarir :D,aplikasi rusak. Mau login gk bisa kode otp muluk. Tapi gk keluar² pesannya,1,2025-07-05 08:32:39
Ridwan Syaparudhin,aplikasi lemot login lama,1,2025-07-05 05:00:44
An n,"tidak bisa login dengan alasan network issues padahal kuota masih penuh, sudah ganti ke wifi pun masih sama aja.",1,2025-06-29 05:40:43
Nabhila Lasirino,sudah instal dan unistal berulang kali nggak bisa masuk hanya loading berputar putar saja,1,2025-06-28 17:58:56
Trisna Ade,medan kok gk dpt lokasi nya,1,2025-06-18 13:52:36
Mr Saprin,apps yang bagus,4,2025-06-12 03:55:02
Dityo N,"Reward hilang satu per satu, star juga turun apabila tidak ada transaksi. retensi star dan rewardnya terlaku singkat. Rasanya sudah tidak bermanfaat lagi aplikasinya, saya beli full price sajalah jika lagi ingin minum kopi. percuma punya Starbucks card.",1,2025-06-10 01:37:00
yeshua edward_,"Sudah login, sdh ada OTP dari email, sudah tidak ada kesalahan penulisan email krn sdh dapat KODE OTP dari Email Starbucks tapi tetap gk bisa Login. semoga dapat di perbaiki aplikasinya. Walau dari CS Starbucks bilang ada kesalahan penulisan bla bla bla tpi klo emang dr aplikasi kenapa gk di perbaiki (?).",1,2025-06-09 06:25:08
Helwinda Tri Ardiansyach,utk menu order yg terdaftar hanya toko di jabotabek saja..diluar itu tidak bs..,1,2025-06-08 06:35:49
TANGGUH CLAUDIUS NDRAHA,ampas aplikasinya error login mulu,1,2025-06-04 08:01:09
muh.irfan ardiansyah,Nga jlas aplikasi sudah registrasi tapi nga bisa login,1,2025-06-02 13:50:03
Monica Rizkia Putri,bangke,1,2025-06-02 13:49:45
Lovian Setyowati Haryono,boshookkk eror terus. please lah dibenerin ini,1,2025-06-02 04:08:10
Fmm23 Mantap,"sekelas starbucks manage apknya sebobrok ini? banyak errornya gabisa dibuka, loading gaabis abis, mau pake voucher malah gabisa bisa ujung ujungnya beli normal tanpa voucher, voucher angus gakepake",1,2025-05-28 06:57:02
ikhsannurhak _33,ribet pake aplikasinya ga bisa login,1,2025-05-27 00:41:51
roni misikmbo,okee,5,2025-05-24 12:20:11
Yudi Setiadi,jelek banget bangkrut aja gapapa,1,2025-05-18 07:36:01
Handra Po,"ini aplikasi aneh bgt dah, udah registrasi, tapi pas mau login invalid mulu, padahal email sama password udah sesuai, forgot password jg gak ada efek apa2, niat bikin apps gak sech? koq apps bukan memudahkan malah nyusahin.,",1,2025-05-16 15:10:10
Stelia Shilvier,"ini gimana sih, saya di bandung masa pilihan outletnya bogor. milih area bandung malah kagak ada... error kah?",1,2025-05-12 09:42:15
Niver Land,Membantu banget aplikasi nya,5,2025-05-03 14:20:27
Imam Mawardi,"aplikasinya gak recomend, sering eror, bonus rewardnya juga sedikit. lebih banyak reward dan promo dari brand lokal",1,2025-05-01 08:45:57
Lia A.N,gajelas ga bisa resend kode email,1,2025-04-27 09:07:02
Yanti dharmawan,kenapa aplikasi nya tiddak biisa dibuka yah,3,2025-04-26 08:10:09
Yulia Sari,bagus 👍🏻,5,2025-04-24 08:14:36
Kamu “At” Siapa,ok,5,2025-04-19 17:10:16
Calonmu Dek,mau cari lokasi terdekat malah gabisa. pin point nya slalu di wilayah jakarta,2,2025-04-02 01:13:16
Prasetyo Adi,cukup baik,5,2025-03-22 04:40:46
Buddy Huang,"Good Job, Keep it Up",5,2025-03-15 08:23:30
Rio Sudrajat,PENIPU......Sudah bayar lewat aplikasi. Habis 450k. Pas nyampek Starbucks malah katanya gak ada order masuk. Terus di tolak mentah mentah. Uang 450k kemana?,1,2025-03-04 06:21:23
Hendri Hendri,Sistem yg selalu error mau pesan pun kgk bisa aplikasi sampah,1,2025-03-03 09:12:16
berta marcia,"Card offline cant be use, tumbler Accidentaly fall and broken cant be use.",1,2025-03-03 06:41:34
Andi Huang,"unable to reset password, keeps showing link has expired",1,2025-03-01 01:44:29
Gus Wijaya,"Sangat buruk, setelah saya punya point banyak dan ingin menukar nya, tiba tiba id saya tidak bisa log in dan point saya hilang, kalau tidak niat memberi point ke pelanggan mending gak usah buat member segala, pembodohan sekali, harus nya costomer care nya lebih simple menggunakan wa bukan email",1,2025-02-21 00:30:54
Colded Jamal,"Tolong perbaiki server, saya ingin membuat akun tapi tak bisa karena ""internal server error"".",2,2025-02-02 11:18:34
Ahmad Azzam,saya sangatlah suka sama aplikasi ini,5,2025-01-30 05:34:56
Chandra Borsalino,So sad :(,1,2025-01-27 12:38:27
subhan frendi,"Susah banget mau login padahal dah punya akun, apk nya gajelas sumpah. Perbaiki yaa",1,2025-01-26 12:03:53
Savira Zzz,"aplikasinya suka keluar sndiri, ribet",1,2025-01-26 05:50:06
Ridwan Effendi,Starbucks dari dulu memang susah di akses sistem aplikasinya sehingga membuat penggemar kopi kecewa dan perlu membenahan yg update,1,2025-01-23 05:59:51
Jevon Averill,customer service tidak ada. Kode promo tidak bisa diredeem,1,2025-01-10 13:18:15
hwang lili,Ga bisa join .gagal mulu,1,2025-01-10 11:50:54
Paulina Polin,Udah sing in masukkin kode refferal nya dari mana yah??,1,2025-01-07 06:07:06
mhmmd ripai,Ga bisa login udh reset pass tetep aja ga bisa masuk...,1,2025-01-06 01:50:48
Shafwah Fadli,"Ga jlas appnya, ga bisa log in pdhal email udh terdftar",1,2024-12-31 20:45:16
Sarah Aprilia,Ga bisa login muter-muter terus,1,2024-12-31 11:09:42
Rexzy Andika,Anjay,5,2024-12-31 08:56:32
Iyuna Winarsih,Mau brithday claim pake apps dh 3hr log in gagal terus.. hrs rekrut programmer min..,1,2024-12-30 22:03:48
Garnita Putri,"Saya registrasi via web dan password harus kombinask angka, huruf dan spesial karakter, tapi saat akan login di apps , spesial karakter ^() tidk bs d input, pdhal tdk ada masalah pada keypad. Saya login via browser d smartphone yg sama, tdk ada masalah. Mohon pengembang bs cek bug yg saya infokan, sehingga saya bs login di apps, makasi",2,2024-12-24 08:54:08
Handri Rori,Enak dan Bagus untuk nongkrong sama teman (y) 😇,5,2024-12-22 04:19:44
Adi Irianto,Ok,5,2024-12-21 14:49:01
Desy Natalia sinurat,"Aplikasinya ga bisa di buka, lol. Tolong diperbaiki",1,2024-12-15 17:06:57
Triyanto,Starbucks teman setia dalam bekerja dan layanannya luar biasa bagus..,5,2024-12-05 06:07:33
Dewi Pramita,"Diapl ini g bsa masukan sandi pake spesial karakter, JD sllu harus buka dr web baru bisa memasukan spesial karakter baru kebuka,gmna si nih aplksi, ga guna!!!",1,2024-11-26 16:52:25
Helwah Salon & spa,Saya ngga bisa masukndiakun sata,1,2024-11-24 12:05:27
haerul jr,"Selalu suka dengan pengalaman di Starbucks, untuk aplikasi cukup baik, tinggal dikembangkan dengan baik lagi",5,2024-11-13 17:48:36
Di jual 30k,😡😡😡😡😡😡😡,1,2024-11-13 15:38:17
Zeppelin Simanjuntak,Woii ini gimana sih kok ga muncul2 mau masukin kode otp dari email??,2,2024-11-12 04:01:15
Rachman Tohar,"Aplikasi nya sangat membantu, mudah dipakahami dan di akses, tempatnya sangat nyaman.",5,2024-11-12 00:21:21
Ridho Skiezz,"Aplikasi berjalan cukup baik, tingkatkan lagi performanya;)",5,2024-11-11 14:52:49
Maya_16 Murni,Lu nganggu,1,2024-11-09 13:00:14
Jupiter Is Harson,"Pelayanan barista iman starbuck rest area tol jagorawi km 10,6 mengecewakan, saya sudah memberikan hp untuk point tetapi dijawab sudah payment, benar benar mengecewakan",1,2024-11-09 06:44:15
Muhamad Firly Labaiq,"I have a good experience. Aku suka kopi dan tempatnya, sangan nyaman",5,2024-11-08 10:18:45
Avocado Coffee,Adain pickup daerah karawang,3,2024-11-05 09:23:52
Vincent Setiawan,"aplikasi ga jelas sign out sendiri, udah gitu pas coba sign in ada batasan ga boleh salah password, kl emang ga boleh salah ya elu jangan sign out sendiri kocak bener-bener unfaedah",1,2024-11-04 11:36:45
Muhammad Rafli,Aplikasi Sampah Gak guna,1,2024-11-04 10:18:29
ughie ajah,Starbuck skr kartu gk dipake bintang w hilang ..kacauuuu,1,2024-11-02 08:46:38
Ayu Elvina,"Password ribet banget , ngalah2in login mbanking",2,2024-10-30 06:21:26
Nantaaxzz.,kenapaa udah bisa log in langsung tb tb force close trus ke logout sendirinya tolongg perbaiki sudahh hampir 2 minggu lebih gabisa pake aplikasinya,1,2024-10-28 12:14:27
Michael Setiawan,Tidak bisa log in. Akun ke log out sendiri payah,5,2024-10-26 19:31:44
kertapati muara ogan,Kenapa akun saya tiba2 keluar sendiri gak bisa masuk LG,2,2024-10-23 02:46:20
Nico Susanto,"Ini kenapa sih aplikasii, dari dulu fine fine ajaa knapa skrg tiba tibaa akun ke log out sndiri, trus mau sign in lgi ga bisa, mau join now juga ga bisa, kenapa nih?",2,2024-10-21 14:35:23
Rico Tbn,gabsa login,1,2024-10-21 12:58:57
selvi natalia,"Aplikasi apa sih ini? Mau log in ga bisa udah 2 hari coba. Udah input email dan password yg benar tapi selalu tertera invalid. Kocak bgt aplikasi nya. Klik forgot password, tapi email untuk mereset password udah 2 hari ga masuk2. Ntah ini aplikasi mau nya apa padahal sy ada voucher 50rb yg bntar lagi mau abis masa berlaku nya!",1,2024-10-21 10:58:03
Alviyan Cahyadi,"Tiba-tiba logout, coba login ga bisa, coba forgot password ga bisa. Gimana ini ya. 😅",1,2024-10-21 05:50:20
Eka Permana,Jelek banget apknya. Mana ngelog out sendiri lagi,1,2024-10-21 04:43:17
Haadii Sucipto,Lemot banget mau log in aja susah banget hadeeehh,2,2024-10-21 01:57:09
Christian Simanjuntak,"Per tanggal 20 okt 24 aplikasinya error id sy logout dr apps nya, ga bisa login sm sekali.",1,2024-10-21 01:47:43
Putu Rista Yuliani,Account tiba-tiba logout sendiri dan gak bisa login lgi. Saldo dan star reward hilang gtu aja. Reset password pun gak bisa. Very Bad,1,2024-10-21 01:08:49
Yuci Rachmad,"Error mulu kaga bisa login, reset pasword kaga masuk2",1,2024-10-20 23:14:59
fani natalia,LEMOT BANGET WOY! PASSWORD SELALU TIBA-TIBA GAK BISA LOGIN (PDHAL GAK PERNAH GANTI PASSWORD) ALHASIL SELALU RESET PASSWORD. TAPI PAS MAU RESET gak pernah dapet link reset ke email. KACAU banget super lemot semua-semuanya.,1,2024-10-20 18:00:45
Syaila Cici Ramdina,Ini kenapa si aplikasinya tiba tiba keluar sendiri terus pas mau masuk lagi passwordnya salah terus dibuat reset password malah gada apapun yang dikirim ke email. Tolong ya ini masih banyak uangnya didalam itu dan tidak bisa masuk dari tadi pagi.,1,2024-10-20 09:35:52
alvy kurniawan,"Tidak bisa reset password, tidak dapat email konfirmasinya",1,2024-10-20 07:58:12
reyli palar,Akun saya tidak dapat masuk dan reset pasword,1,2024-10-20 04:42:26
Muhammad Aldi,Aplikasi cukup baik untuk akses informasi promo dan pengumpulan poin rewards,5,2024-10-10 07:06:27
riko ferdi,"Great, Jangan dibuat ribet sampai banyak pengguna, baru di buat secure.",5,2024-10-10 03:20:08
Siti nikmatul khoiriyah,"Tolong jangan kirim saya SMS untuk menawarkan promosi prodak anda. Saya baru 1x beli prodak anda dan itu sudah diatas 5 tahun yang lalu setelah itu saya tidak beli prodak anda lagi. tapi kenapa sampai sekarang anda spam promo prodak via SMS ke nomor saya, nomor anda sudah saya BLOKIR pun SMS anda tetap masuk di HP saya. TOLONG STOP !!!!!!!! KARNA ITU MENGGANGGU !!!!!!!!!!!",1,2024-10-04 01:37:41
amell,"Najis, Tulisan Sign In, Sign Up, sama Store ga simetris gimana sih",1,2024-10-02 13:18:48
muhammad sadam,Trash,1,2024-09-30 07:43:21
Muhammad Ihsanudin,got to hell,1,2024-09-27 22:50:47
Harly Kaustsar,Mantap,5,2024-09-25 11:24:50
Ichal Faisal,Aplikasinya bagus cuma agak lemot semoga aplikasinya bisa lebih baik dan ditingkatkan 🙏🏻😊😊😊,5,2024-09-22 16:40:54
Muhammad Bintang,"login error, customer service ga ada hari weekend. padahal sayang banget lo, kalo tempat nyaman tapi kasi promo pake aplikasi kurang proper kaya gini🙁 what a big shame",2,2024-09-22 05:32:00
Mahardika Ikram,aplikasi bodoh,1,2024-09-21 20:56:21
Bellavista Nadia,Buat log in nya kenapa ga bisa² sih? Lg ada trouble error atau emang aplikasi nya bapuk?,1,2024-09-19 08:37:07
Ryana Rompas,gaada pilihan store yang di dekat rumah untuk order di aplikasi. gimana sih ??,1,2024-09-11 06:15:19
Iwayan Suparta,I can order first new beverage before launching,5,2024-09-03 02:15:45
Gard du Nore,Sulit login,1,2024-09-02 12:54:50
Muhammad Fariz,"jelek bgt, gabisa order via app untuk kota semarang",1,2024-09-02 05:57:11
brian venus,Aplikasi kacau Y g salah klo d kantongin sama fore. Abis inj,1,2024-09-01 03:08:01
Okie Johannes,Ok bener nich aplikasinya mudah dipahami dan diakses nya,5,2024-08-28 11:13:02
Binsarniari Sinaga,minta tolong nih kenapa disuruh masukin kode otp nya ?,5,2024-08-20 07:57:41
Farah Hanavya,Simpel sekali menggunakannya dan mudah membaca nya. Keren,5,2024-08-15 21:07:11
Agus,Punya nama besar tp aplikasi gk bisa diurus.. Login aja susah.. Masa kalah sm toko kopi sebelah yang aplikasinya lancar,1,2024-08-14 02:39:34
ifan banjar (iF4N B4Nj4r),tidak bisa login buat akun juga tidak bisa,1,2024-08-13 07:59:52
Bunga Matahari,Oke,4,2024-08-12 22:48:18
Mutiara S,Good,5,2024-08-10 18:49:40
Phoenix Livin,good,5,2024-08-10 05:04:43
Andri Setiadi,"Di starbucks sering down, jadi belanja gak bisa pakai aplikasi 😄😄🤭🤭, mudah mudahan semakin baik ya, tetap semangat 💪💪💪",5,2024-08-02 15:42:00
Jeffrey Tanadi,"Selalu gagal untuk coba go premium, dengan alasan alamat tidak sesuai dengan ID. Padahal sudah di copy paste dan sama. Ribet banget cuma buat verif dompet digital.",1,2024-07-31 14:11:07
Heni Suharti,Semua menu di starbuck enak semua Aku bukan penikmat sejati kopi Starbuck sih sebenarnya,5,2024-07-28 02:59:36
yugusti arianto,"Kenapa habis hapus aplikasi trus download lagi sekarang aplikasi malah tidak bisa dibuka? Bisanya dibuka lewat internet? Sudah email jg g pernah da jawaban, selalu dalam antrian?",1,2024-07-27 18:43:20
Rini Panggabean,Pakai starbucks app Pembelian jadi lbh mudah dan murah. Tukar poin rewards juga gampang. Top up lewat mobile banking maupun offline di counter juga cepet. Good lah...,5,2024-07-27 05:27:41
Radicho Sugandhi,"Nggak jelas, susah login",1,2024-07-25 06:58:33
afi nurachmad,"kak dulu cuman no telp aja, sekarang aku buka harus pakai email. gimana sih? sedang kan no lama saya sudah kepakai saya mau buka akun saya jadi gak bisa, mintak tolong di perbaiki lagi app nya gak usah bagus2 tampilanya yang penting bisa di akses sama member lama. mintak tolong gimana supaya akun saya yang lama bisa pulih kembali ya ?",1,2024-07-22 03:06:33
yutu like,"Saya pikir slogan ""ADA HARGA ADA KUALITAS"" itu bener, ternyata engga, lebih enak kopi kafe brand lokal, malah masih kalah dengan kopi mini market, apa mungkin lidah saya yg gak cocok? Tapi enggak lah, kata bule yg ke Indonesia saja bilang kalau kopi Indonesia lebih enak dibanding STARBUCKS",1,2024-07-19 11:53:37
Jennifer Florence,"ketika mau login, pass sm email uda benar² sesuai malah invalid. dan ketika mau lupa pass send ke gmail, mlh ga nerima notif apapun",1,2024-07-19 00:57:31
Agus Fajar,Taii,1,2024-07-17 09:15:36
Posko 5 Wanea,Aplikasinya jelek banget.. udah coba otak atik sana sini tetep aja gak bisa di pake.. ga jelas banget ini aplikasi.. ratingnya 0/1000,1,2024-07-13 07:38:36
Pic of R Family Official,BOIKOT,1,2024-07-12 01:22:49
Lintang Gibran Prabuan,kopi mahal rasa seperti kopi biasa,1,2024-07-10 04:37:52
wayan wiranatha,Very Good,4,2024-07-07 16:27:05
Sepasang Sepi,Mending ngopi ng warung cilik,1,2024-07-07 06:13:54
Ade Rahma,Kendala yg sy alami cepat di atasi,5,2024-07-06 06:13:50
Andry Liembong568,Pelayanan di Starbuck emang beda dan minuman serta makanannya pun sangat fresh dan terkontrol penyajiannya.,5,2024-07-03 01:01:59
Hardi Novendra,Tidak bisa login stelah upgrade..mohon kerjasmaa nya..,1,2024-06-25 17:05:10
Tamariska Sitorus,Susah untuk daftarnya. Gak jelas aplikasinya.,1,2024-06-25 05:40:17
willy satria,Download cuman cari gratisan aja buat punya punya aja,1,2024-06-24 07:58:32
ampratikna 14,"Mau sign in pertama kali harus masukin OTP, tapi OTP nya aja gak masuk ke email, udah coba pake bbrp email dan gadget yg berbeda",1,2024-06-20 09:01:08
Dimas Prasojo,"Mau login, susah",1,2024-06-20 06:32:27
Ahyiz Zaqy,Saya sudah ganti password tapi tetep tidak bisa masuk. padahal udh bener email dan password udh di ganti sama yang baru,1,2024-06-12 09:32:30
Theodore,Login nya susah bet dah,1,2024-06-10 11:06:04
Maya Angraeny (Mimih),Kecewaaaaa... Dari pertama download dan gabung member di janjiin dapat gantungan kunci namun setiap mampir di store starbucks dari jakarta sampai bandung sampai balik lagi ke jakarta semua store starbucks bilang habis alias kosong ... huffftttt,1,2024-06-10 09:37:21
Poppy Iriani,Sudah lama saya tidak menerima promo starbuck di aplikasi starbuck yang ada di di hp saya..ada apa dengan mu starbuck????,2,2024-06-08 11:20:17
Muhammad Redo,Boycot continues to arrive at the application 🗿😂,1,2024-06-06 16:29:58
Retvika Fatimah Zahra,Not really reccomended. Boikot and block. Thanks,1,2024-06-06 15:22:26
universe milikmu,Ngelag teruss,1,2024-06-05 00:43:02
adelia syamsuddin,"Minuman ga enak,bau darah",1,2024-05-31 14:17:19
mely nafiandary,Boycott children killers,1,2024-05-30 17:31:59
Petra Skyy,"gabisa login, dipersulit login doang",1,2024-05-30 16:24:54
Wayan eka,Mau login gk bisa-bisa tolong donk solusinya,1,2024-05-30 08:11:52
Joshua Verrel,aplikasi gajelas gabisa logib,1,2024-05-29 14:47:25
M david Chaesar,"WAH GILA,GW PAKE APLIKASI INI DISKON 50% COK GILA,POKOK NYA JANGAN LUPA DOWNLOAD",5,2024-05-29 11:49:13
Edy Susanto,Bad loading to slow,5,2024-05-28 04:47:34
Muhammmad Daffa Al - fatih,"Min tolong perbaiki yak, ini saya gabisa login baru aja download mau coba pake apk.. akan saya ganti bintang 1 jika saya bisa login.. termks",1,2024-05-27 19:06:41
C,Jelek. Gk bisa update lokasi,1,2024-05-27 15:15:38
Isabella Isabel,Ga bisa buat daftar,3,2024-05-27 05:03:41
Baehaqi Hasbiyansyah,Tidak bisa join pas pertama kali masuk,1,2024-05-26 15:09:48
Dzofri Al Maula,"SMS an buat promosi kalian ganggu asli, menuh²in kolom sms gw aja. Tolong dong bagian manager nya di handle lagi tuh divisi marketingnya, mempromosikan produk g mesti SMS ke nomor terdekat atau tertentu. Punya akal kan? Bisa dong ngakalin buat promosikan produk tanpa harus SMS gtu. Lagian gw sebagai konsumen kopi jg kaga prnh sama sekali mengonsumsi produk kopi kalian, masih ada produk yg lebih worth it utk di beli dgn harga dan kualitas yg jauh lebih enak. Sekian trims",1,2024-05-20 13:40:08
Ilma Hilda,Iimadil,5,2024-05-19 05:08:22
Nurul rafiqoh lubis,Aplikasi buang buang duit,1,2024-05-13 17:26:05
Ini Aja,"Mau sign in error terus,udah berbulan bulan saya gak bisa sign in padahal udah gak pake wifi",1,2024-05-12 18:02:41
zara fatimah,Burukkkk,1,2024-05-12 08:16:50
Amanda Ratna,"My favorite coffee, terimakasih kembali Starbucks Indonesia ♥️",5,2024-05-11 10:13:51
Risty SMY,Kenapaaaa selalu error dan bermasalah sih .. setiap hari,1,2024-05-05 01:06:15
BILAL ALBANI,Gabisa login lah woyy!!,1,2024-05-03 23:25:20
SPONGEBOB,boikot,1,2024-05-03 08:37:24
Sem Julian,Tidak bisa sign up,1,2024-05-01 05:37:17
Supriyanto,"Aplikasi lemot, mau cari store dilokasi ga ada hmm",1,2024-04-30 07:24:48
Wildan Hamdan,"Bayar pakai aplikasi Starbucks ada banyak promo, namun loading aplikasi lama dan berat.",4,2024-04-28 14:27:17
MARTIN CHANNEL,Bagus dan mudah,5,2024-04-24 06:44:13
alika tsalasta putri,bahasa inggris semua,4,2024-04-15 13:16:15
agung Zaydan,Haram,1,2024-04-11 03:45:52
Airiv,"Tolong dong aplikasi nya di benerin, masa mau log in di aplikasi nya error mulu. Kan kalau gini gimana pake nya klo mau log in di aplikasi nya aja ga bisa, udah di coba bolak balik tetep aja ga ada perubahan.",1,2024-03-25 07:39:34
Bambang Hariyanto,STAR BUCKS INDONESIA.,5,2024-03-23 03:41:27
budi irawan,"Baru download dan mau login malah gk bisa gmn aplikasi kya gini masih dipasang,mending hapus dari playstore",1,2024-03-21 04:48:05
ADHELA N,Gaasik,1,2024-03-13 01:59:07
rialdi darmawan,Tolong versi di perbaikin.,1,2024-03-12 20:27:37
Ahmad Fauzi,👎,1,2024-03-12 14:28:03
Muhammad Abdillah,Nyaman,5,2024-03-11 10:47:44
ROSITA GOH,"Untuk masa berlaku reward harap ditampilkan di aplikasi, jadi pemakai aplikasi bisa tau, rewardnya kapan expired.. Ini tau-tau hilang reward nya.. payahh👎👎👎👎👎",2,2024-03-05 00:39:01
Cahaya Maulana,Bad attitude untuk pelayanan nya. Cuek dan tidak ramah. Because i'm buy this item used promo. ( Starbucks CSB Mall ),1,2024-03-04 15:58:34
habieb wildan,aplikasi tidak informatif,1,2024-03-04 10:28:42
Mei Mei,Ga bisa login,1,2024-03-04 04:39:11
Arthin Dwisyahyana,Jual makanan kok untuk perang Jika betul tak ada hubungan nya. Aku bertanya kenapa tidak perna ada bantuan kemanusiaan untuk konflik perang,1,2024-03-01 18:42:52
MUHAMAD REZA ARIEF,Susah login,1,2024-02-24 07:26:10
Ifa maulida69,lelet,1,2024-02-23 17:29:37
Al Ghazali,Sulit banget masuk. Ud konfirm email pun sulid. Apk yg harusnya bisa update by google tp ga efisien,1,2024-02-20 04:42:12
roby sugara,"Sangat tidak ada attitude seorang karyawan, saya pick up orderan di Starbucks mall Ciputra Cibubur Karen orderan masuk sudah 30 mnt blm jadi saya menanyakan kepada karyawan, Jawaban kalau tidak mau menunggu jangan di ambil, padahal di restoran baru mulai ada antrian saya masuk",1,2024-02-19 17:13:42
Fiher Tjan,Banyak.promo Kopi enak,4,2024-02-16 07:58:32
Hanum Azizah,Kenapa gabisa login. Saya mau klaim birthday gabisa :( betulkan dong ka tolong.,1,2024-02-12 00:35:19
Putu ayunita Amirastiari,ga bisa daftar dan dpt no otp karena nomor gw cuma ada 10 digit. kocak ah,1,2024-02-11 10:03:38
Ulfa Defitri,"harga nya Mahal, tapi ga enak.",1,2024-02-09 04:50:23
ari saputro,Stop starbuck,1,2024-02-05 01:26:54
Faiz Rasyiddin,Bad Service,1,2024-02-03 06:09:08
Erfin Pasaribu,"Mau create acount kok musti nunggu 14 menit, yang bener aja",1,2024-01-31 04:19:30
Ade Jaya,Membeli kopi di Starbucks hanya membeli gengsi. Perusahaan ini pendukung Israhell ya?,1,2024-01-25 14:53:05
Elvin Juntak,See,5,2024-01-25 02:58:22
hanna husna,Kurang manfaat,1,2024-01-24 21:36:10
Andika Varian,Sementara skip dulu,1,2024-01-24 08:19:18
Farizqi Bekool,"Kopinya gosong, cuma jual merk saja, tidak enak,",1,2024-01-22 00:24:47
astrid yustika,high demamd mulu pas buka aplikasi. boleh beli gak si??????,1,2024-01-16 10:36:09
Abdil Mafaqhir (Afa),Good job😊😀👍,5,2024-01-15 05:21:14
bambang legowo,Boikot,1,2024-01-13 09:46:02
Arief Muhammad,🍉,1,2024-01-13 05:24:33
Jefri Nicocol,Ga enak,1,2024-01-10 04:39:21
Zaenal Arifin,Ikut aja,1,2024-01-09 18:02:45
Alhabsy Ridwan27,Promo sangat pelit tidak menarik,1,2024-01-07 11:07:28
Annisha Putri Setyabudi,Not recommended,1,2024-01-06 13:29:20
Aang Satyo,Okelah,5,2024-01-02 04:43:56
Tedy Liyanto,Tempat nyaman pelayanan sanfat cepat,5,2024-01-01 03:37:43
Benjamin Satan Yahudi,Tidak bermanfaat untuk kehidupan dunia sedikitpun,1,2024-01-01 01:59:43
Niko,"Bikin promo minuman spesial, tp di cabang mana pun ga ada menunya. Ampun deh.",1,2023-12-31 08:11:33
Drag Boz,"Best coffee company in the world🥰, kalian akan selalu disambut baik oleh warga indonesia🇮🇩",5,2023-12-31 07:57:42
Shanty Sugiarti,"Promo yang tidak menarik, dan rasa kopi yang tidak konsisten dr 1 cabang dengan cabang yang lain.. di aplikasi nya promonya masih menggunakan sistem promo gaya lama sangat tidak menarik konsumen",1,2023-12-29 02:11:49
pingki karmila,saya kasih rating 1 karena pas saya log out untuk pindah device susah banget log on nya lagi,1,2023-12-28 03:22:17
Roni aji saputro,sangat bagus,5,2023-12-27 12:32:49
indra sastrawan,Payah !!!,1,2023-12-26 15:43:31
princess 27,pro zion1s..pro 1srael...starbucks penjajah soalnya..bad,1,2023-12-26 03:38:26
Yua all,Boykot,1,2023-12-25 17:30:40
Jul Kay,NAJIS STARBUCKS APK SULTAN UDAH PELIT BINTANGNYA MAKIN NAIK AHH KAPOK GUE BELANJA D SBUCK KALO KAYA GINI MAH 🤣 ULTAH KAGA D KASI KUE MENDING APK SEBELAH,1,2023-12-25 06:00:29
Aditya,"Jelek. Nggak bisa kepakai. Selalu muncul ""permintaan akses terlampau tinggi""",1,2023-12-25 02:02:54
Ridwan -,Gk tau gabut aja,1,2023-12-23 15:58:12
achmad fadli firdaus,Maaf saya unisntall karena produk pendukung zionist,1,2023-12-22 00:03:15
Fatih Al-Ayyubi,Bad Apps.,1,2023-12-21 17:29:01
Sartin Anggraini,Ok,5,2023-12-19 14:21:43
Putu Agus Eriawan Kusuma,"Kenapa update promo Linenya lambat sekarang ya? Tolong dong di update sesuai jam kebukaaan setiap wilayah atau jam 00.01 pada hari Hnya Soalnya Promo line baru update jam 08.00 WIB, tapi di WITA sama WIT udah telat / lewat duluan Orang mau kerja pagi jadi ga kebagian promo cuma bisa kesel ngeliat Promo Line telat masuknya !!!",1,2023-12-19 01:12:22
Ardiansyah Yudha Prasetya,"Gk bisa login, tulisannya server penuh padahal uang saya di akun sbux ada lebih dari 200k",1,2023-12-15 17:08:26
Insyirah Gemilang Edukasi,Plain,1,2023-12-15 08:51:43
Olivia Leavy,Aplilkasi busuk sering gabisa dipakai,1,2023-12-12 06:30:20
Finessetiaputri 1999,"Gak guna sih, percuma download dan beli rewards slalu pelit prah",1,2023-12-10 21:56:28
Rachel Khalita,"""join now"" gabisa dipencet. udah coba lepas wifi, sm pake paketan data ttp gabisa. smpe uda coba uninstall trs install lg jg ga bisa click join now nya",1,2023-12-10 13:45:02
Ar Me,Not recomended 👎,1,2023-12-10 12:04:40
rumi djalil,"Poin di devaluasi lebih dari 40 persen. 1 free dinaikkan dari 100 menjadi 120 poin. Dan 1 poin dinaikkan dari 5rb jadi 6rb Untuk 1 free sebelumnya perlu belanja 500rb, sekarang harus belanja 720rb.",3,2023-12-09 08:30:24
Suyanto Joko,Baby killer,1,2023-12-07 06:58:19
Imam Asrori,Tidak ramah,1,2023-12-05 05:06:13
Romie Mocka,Saya kasih rating 1 karena aplikasi ini semakin pelit promo dan rewards. Bahkan di hari ultah yang biasanya ada reward di aplikasi sekarang sudah gak ada. Untuk reward dan benefits tolong dong di evaluasi lagi agar seperti dulu.,1,2023-12-04 12:20:00
Sunariyono Hadi,Baik,5,2023-12-03 01:02:35
nurul anisa,Baby killer,1,2023-11-28 22:15:41
Ghea Putri Hendriani,Soalnya pendukung genoside,1,2023-11-28 00:38:00
Pengguna Google,perjalanan jauh mengasikan ditemani ice coffe late gula aren🙂,5,2023-11-27 12:06:59
IRWAN GUNAWAN,"2 minggu ini tidak bisa buka aplikasi starbucks dan selalu muncul peringatan seperti ini: Karena permintaan yang tinggi, permintaan Anda membutuhkan waktu lebih lama untuk diproses daripada yang diharapkan. Silakan coba lagi nanti. Kami minta maaf atas ketidaknyamanannya. Bagaimana ini starbucks.?",1,2023-11-26 03:55:40
Didik Suprang,Luar biasa rasanya,5,2023-11-25 04:14:09
zafran fausan,"aplikasi tidak bisa dibuka karena alasan high demand, reward sama saldo ngendap diapk. Sorry doesnt makes the situation better as the costumers",1,2023-11-24 08:50:55
rachman cahyadi,"Uninstall dulu karena di duga terafiliasi, kata MUI haram",1,2023-11-24 03:41:46
Arif Sulaiman,sangat jelek dan tidak berkualitas!,1,2023-11-23 17:21:36
Irman Maulida Sunarya,Good,5,2023-11-23 12:18:15
Rahayu Amanda,pas verifikasi ke gmail gabisaaaaa!!,1,2023-11-22 20:46:48
Nano Pemangku,👍👍👍👍👍👍👍👍👍👍👍👍👍👍👍👍👍👍👍👍👍👍👍👍👍👍👍👍👍👍,5,2023-11-22 11:53:52
Dudung Sentosa,"Banyak promo cuy udah gitu ga harus ribet dateng, tinggal pesen terus bayar wkwk.....",5,2023-11-22 07:04:24
Ahmad Bastori,"gampang ngelag ni apk, payah",1,2023-11-20 03:57:39
pendjol wangペンジョル・ワン,Tidak dapat memesan di daerah bandung,1,2023-11-18 03:38:45
Aditya Rayyan,Error mulu,1,2023-11-17 14:42:30
wildan kholik,Bangkrut ajj anytt,1,2023-11-17 11:04:54
kim hongjoong,"Due to high demand mulu nihh. Sumpahh kesel banget tiap buka gabisa terus, benerin Napa elah",1,2023-11-17 00:48:14
iwonk da ipey,Boikot israHELL,1,2023-11-16 04:24:35
Landy Fathurochman,Aplikadi tak pantas.,1,2023-11-15 23:54:55
12 jt x ditonton,"mahal, jangan mau dibohongi",1,2023-11-13 15:10:08
Me Me,Saldo tiba tiba menghilang 😑,1,2023-11-13 13:33:04
Cahyo Nurkholis,Boycot,1,2023-11-13 12:27:19
Berkat Sejati (TokoBerkatSejati),Ok,5,2023-11-07 03:04:01
Jehan Lestari Abidin,Ga jelas aplikasinya oernah bikin member ga bisa bisa ga masuk padahal udah,1,2023-11-05 10:37:57
wi jaya,Starbucks ga jelas.....,1,2023-11-05 05:41:36
Rizky SyahPutra,Busuk,1,2023-11-05 04:49:06
Shifa Farahdilla Tifarin,"Not today! Not tomorrow, i stand with humanity!",1,2023-11-04 04:47:56
Jake Bayu,Mengecewakan,1,2023-11-03 22:30:48
Rivan Adelmar,Kopi Zionis.. Bikin Muntah Darah 🍉🍉🍉🍉,1,2023-11-03 05:11:14
Eneas Ekawasty Suwatama,Tiap mau masukin e code selalu inactive,3,2023-11-02 14:46:22
edi mulyadi,"sudah seminggu aplikasi starbucks ngk bisa buka, sdh kirim email ke starbucks, di suruh reset. gimana mau reset buka aja ngk bisa",5,2023-11-02 14:20:29
Sri Wahyuni,Kecewa bgt💔,1,2023-11-02 13:18:51
Desi Desi,Mahal sangat ..,1,2023-11-01 22:03:57
nw rengganis,skip sama yg pro zionis,1,2023-11-01 10:40:26
Tony Flash_5000,Sampah....,1,2023-11-01 07:38:59
Lenny Gurky,Terlalu buruk,1,2023-11-01 06:32:18
amelisoneng,tidak semenarik dulu. #boikot,1,2023-11-01 03:10:41
Sani Fitriani Hasanah,👎👎👎,1,2023-10-31 19:02:26
Fauziah Azmy,Tidak bagus,1,2023-10-31 10:28:06
riizald dealova,The real of zionis,1,2023-10-31 05:55:08
RIZALDHI AKBAR,Jelek bgd,1,2023-10-30 13:51:37
Wiwin blank,Mahal semua,1,2023-10-30 12:35:50
Siti Aminah,Aplikasi eror terus,1,2023-10-29 15:45:21
Harni Dea,Force close,1,2023-10-29 03:59:22
Nabilla Nurul Hakim,👎🏻,1,2023-10-29 00:51:21
Bmbng Snts,Boycott Starbucks,1,2023-10-29 00:02:48
Ucok Kurnianto,Aplikasi,1,2023-10-28 09:36:24
Halo Halo,Zionosit,1,2023-10-28 05:24:28
Hendra Kesuma,Aplikasi menyusahkan,1,2023-10-27 14:44:30
Imam Land,Ok,5,2023-10-26 05:42:56
Ariana Ayu,Mau new join ga bisa tombol join tidak berfungsi. Udah nyoba download 3 kali tapi tetep ga bisa. Tolong di perbaiki sistemnya,1,2023-10-26 04:45:48
Obeisance175,"Haiya macam mana ini o oe ga bisa join, mau beli starbuck pun susahh chawnimaaa",2,2023-10-26 03:41:08
Ridho,tidak bisa login dan selalu tidak bisa masuk ke halaman awal padahal koneksi lancar dan tidak bermasalah jaringan,1,2023-10-25 08:51:17
Nicholas Ritinga,"Sangat kecewa dgn aplikasi ini, saya mau Join Member malah katanya internal server error, sudah berkali2 saya coba, gonta-ganti internet dan paket data serta Instal-uninstal apk ini. Sia2 saya download apk ini tlg dg ini apk rusak. Apa ada saran?",1,2023-10-24 11:58:30
Nando Dwiko Febria,tjeritasahabat,1,2023-10-23 12:59:05
Erli Karim,"ribet, mumet... udh ngisi semua kolom... udh hijau semua, tandanya pengisian sdh benar, tetep aja gak bisa create account... gak ngerti lagi maunya apa",1,2023-10-23 10:50:21
Noob-er virgoka,"Mau sign in gk bisa mau new join juga tombolnya gk berfungsi? Ini gimana appnya, soalnya udah 2 kali download belum bisa pakai app ini, masalahnya selalu ada di login",1,2023-10-22 13:46:24
eriya riz,"Sudah daftar, pas sign in tdk bs. Padahl daftar sudah success.",2,2023-10-22 09:31:11
Amellia Octaviani Putri,Gk bisa login 😫😫😫,3,2023-10-22 00:37:31
Risa Cahayo,hendracahayo,5,2023-10-20 11:28:26
Natalia. W,"Aplikasi ga bisa bantu order kemasan botol, yg ditawarkan kemasan cup saja, tidak semua store terupdate, mohon maaf saya un-instal, ga niat ngumpul poin kalau ga memuaskan pelanggan, mending order di e-comerce yg lain. Perbaiki lagi aplikasi.",1,2023-10-20 03:34:28
Awa Rara,"ngak jadi dari tdi ada bikin"". gmn sih?",1,2023-10-20 01:04:13
Shella Rais,Nice,5,2023-10-19 19:13:17
fransiska dewi,Kenapa email dan pass saya tidak valid saat mau login dan nomor saya sudah masuk terdaftar dan saya sudah mendaftar di email juga tidak ada email konfirmasi apapun jadi kesalahannya ada dimana?,2,2023-10-18 13:46:03
Indra Maulana,Andi tangsa,5,2023-10-16 03:09:20
Gala Lubis,Lancar jaya,5,2023-10-14 12:31:20
Yulia Fitri,Kenapa yg join now nggk bisa di klik,1,2023-10-14 09:38:08
Andi Mallarangeng,Pembelian online knp cuman ada di jakarta di malang kokkk gaa adaaaa wooii,2,2023-10-14 05:14:52
Zamora Valena,AKUN BARU BIKIN GAK BISA MASUK !!!,1,2023-10-10 02:48:29
Andrian Haris,"starbuck memang oke, tapi harga jangan naik terus dong",4,2023-10-07 11:41:49
Tari lahat,Apqka ada bisa menayangkan acaratv dan pidiyuhya,4,2023-10-03 11:39:47
riska tomba,banyak reward,5,2023-10-02 05:36:38
wvelved,"Starbucks indonesia, tp area jateng aja ga bisa pesen lewat aplikasi, terus gunanya apa?!",1,2023-09-30 01:06:22
zulkarnain “izul” ari,mantap markotop,5,2023-09-26 12:17:23
Aimee 2509,"Makasih cs yg sudah jawab dengan kata2 ""ANDA"" .. mari belajar lagi menggunakan kata kata dalam menjawab balasan email.. salam.. ANDA",1,2023-09-25 03:58:58
Ricki Asih,Ok,5,2023-09-23 13:14:12
jasen prayoga,bagus aplikasinya bisa dapet promo,5,2023-09-22 09:47:38
Catherina Hutasoit,Ga jelas gunanya apa ini app. ngisi saldo aja harus nunggu 1 x24 jam itu pun belom jelas.. ga guna kan klo hanya nambahin bikin ribet yg mau belanja..,1,2023-09-22 07:05:41
ardi suryana,Store untuk medan belum terdaftar semua. Conton starbuck marelan belum terdaftar,1,2023-09-16 11:17:33
Seto Putro Alfianto,"ga jelas, outlet terdekat semuanya di jakarta, padahal di kota sini banyak outlet, di tulis di kolom pencarian ga ketemu semua, aplikasi ga guna",2,2023-09-16 05:04:06
Ageng N.Baniargi,Udh mahal. Aplikasi rusak semua dalamnya,1,2023-09-14 08:34:08
Nia Paramita,Saya gak bisa masuk ke aplikasinya,1,2023-09-07 04:02:15
Triana itu nana,Lbh baik app kopi kenangan dan Fore 🙃 sekelas Starbucks App nya Gak jelas 🥱😓,1,2023-09-04 22:31:39
Melinda Putri,Lemot,1,2023-09-01 10:15:11
Widya Nugraha,Bagus sekali,5,2023-08-30 06:19:32
Vanessa Chatarina Manurung,"saya udah buat akun tapi pas saya masukkan password katanya salah padahal password nya emg sudah benar, di web padahal bisa tapi di apk nya gak bisa. gimana dong?🙏",5,2023-08-29 23:59:47
Ali Imron,Minuman yang disajikan secara online dan dipesan tanpa diharuskan datang ke restonya dan mantap dinikmati selagi santai di rumah bersama saudara dan teman,5,2023-08-27 07:24:37
umar alfaruq,Ngga bisa masuk padahal email dan password dah bener,2,2023-08-23 13:00:11
Hendra Wijaya,Good,5,2023-08-20 16:32:22
Daeng Nanggung,"Aplikasi kok lemot skali,, buat aplikasi itu memang harus serius dan harus berani gaji IT tinggi, klw gajinya biasa2 yah pasti lemot begini aplikasi nya",2,2023-08-20 11:01:41
Monika Putri,Cara masuk daftar nya gimana sih referral code terus minuman favorit gitu,3,2023-08-20 08:55:35
Indrie Cloe,Good & Familiar,5,2023-08-19 07:27:08
anna allesha,"Tidak bisa pilih store yang paling dekat, fitur pencarian starbucks terdekat tidak berfungsi dan selalu diarahkan ke daerah yang jauh! sehingga saya tidak bisa order",1,2023-08-16 07:57:05
adrian farrel,ko ppk ko,1,2023-08-13 07:49:26
Haikal Fajar,Ok,5,2023-08-12 05:54:09
Firda Yuliana,Gk bisa order lewat app klo di samarinda padahal disini Starbucks sudh bnyak,1,2023-08-07 21:03:32
Witch VR,Kok ga bisa login ya? Padahal pake internet hp stabil. Buat main game aman.. giliran buka aplikasi ini tulisannya ga ada internet..,2,2023-08-03 14:44:01
Alvianshah Zainiyi,"Tolong terbitkan histori pembelian, jadi bisa tau apa aja yang saya terima dengan apa aja yang ada di receipt. Terkadang masih ada aja cashier yang masih nakal, dengan berbagai alasan. Mana gak rajin kasih notifikasi promo apa aja yang ada",5,2023-08-02 12:38:07
Syafina Putri Marliza,"sejauh ini aplikasi lancar, tidak ada kendala",5,2023-07-30 06:38:51
ichaaa live,"Invalis user nama or password,padahal udah benar, sampe reset pasword.masih aja gak bs. Hmmmm",1,2023-07-29 13:31:00
Antonius Haryanto,Bagus ok,5,2023-07-27 04:45:30
Renny Nindita,Banyak reward cuma sayang waktu nya terlalu singkat. Jadi banyak reward yang hangus gak kepakai. Terus kadang suka error' kalau lagi ada promo,4,2023-07-24 10:21:40
Rika Marsesi,Sudah beberapa kali ganti nomor hape dan email tapi tetap aja gak bisa sign in,1,2023-07-24 05:48:36
ridwan adillah,Gk bisa di pakai,1,2023-07-22 16:25:40
Hendra Lie,"Starbucks belezza permata hijau katanya senen-jumat tutup jam 8 malem, tp khusus weekend cuman smpe jam 6??? Kacau...",1,2023-07-22 10:53:23
Jemy Matthew,"Lemot appnya. Nda bisa cari store, tampilan tidak menarik. Kalah jauh sama app nya my f&b app dan fore app.",2,2023-07-22 02:52:31
Angga Syahputra,Keren,5,2023-07-21 13:54:59
Fitria ayu Ernawati,Bisa dapat promo setiap pesanan.. Bagus banget,5,2023-07-20 14:47:18
guz baguz,"Kalau lg ada promo sering down/error aplikasinya, apa memang disengaja biar reward promo tidak bisa dipakai ya? 😄 lihat instagramnya ternyata memang banyak keluhan yang sama. Parah",1,2023-07-19 08:41:51
Kurnia Sari,gak bisa login,1,2023-07-19 05:13:07
Albert Mulyadi,Nearby store nya kenapa jauh2 dari rumah pas mau order? Gak semua store bisa pickup order ya?,1,2023-07-19 04:57:53
Rizkia Danun,"Ini baru aja download app nya, tapi ternyata kok nomor saya udah didaftarkan padahal butuh otp kan ya? Aneh banget bahkan semua nomor telpon saya udah ke daftar, ini starbuck gimana penjelasannya sama yg kaya gini? Yg punya nomor telpon asli jadi gabisa daftar",1,2023-07-19 04:56:17
Russambodo Sambodo,Keren. ... mantap app.nya..,5,2023-07-19 02:18:20
Chintya Immanuelle,Aplikasinya byk reward 👍,3,2023-07-18 07:50:25
Rian Ricak,Bahasa Indonesia nya campur aduk,3,2023-07-14 22:19:03
yudha kurniawan,"Aplikasinya enak banyak reward (meski klo bisa perlu diperbanyak lagi Rewardnya seperti promo 50%), App lumayan rada berat klo ngebuka nya butuh sinyal atau wifi yg kuat utk mengaksesnya",4,2023-07-10 16:13:51
isaac old geng,Oke,5,2023-07-09 05:03:56
016_Farel Mochamad Firdaus,"Tolong adain pembayaran seperti dana,ovo,gopay,dll dong",2,2023-07-08 15:37:32
Ferry Tan,reward tidak pernah dapat biarpun udah gold 320+,1,2023-07-08 01:17:19
Risdam F,Semangkin keren aplikasi ini,5,2023-07-07 13:10:01
John Suryadi,Sampai sekarang tidak ada kendala dalam pemakaian fungsi dari app ini. Mantap,5,2023-07-07 10:14:33
Aidil Pratama,Tapi kok sekarang gak bisa log in? Yi hi,4,2023-07-06 06:46:20
RIZKI FIRDAUS,"Kecewa, banyak kekurangan diantaranya mudah log out sendiri tapi untuk login susah, pembayaran, bahasa dan lainya masih kurang, sorry gw penikmat coffee Starbucks aga kecewa sama ni apk",1,2023-07-01 12:30:16
Abdi,Minumannya gak enak,1,2023-06-30 07:23:24
Boyolali Pro,"Gak bisa pakai dana, shopee pay, gopay gitu ya. Kirain bisa pesan lewat aplikasi seperti punya fore coffee, kopi kenangan. Terus ini bahasa campur, kalau Indonesia ya Indonesia semua paham gak sih sumpah pemuda 1928? This is Indonesia,no England, no usa.",1,2023-06-27 16:44:21
Akira Navi,"Gabisa sign up harus pake referall code? Tulisannya abu-abu gabisa diklik padahal udah semua diisi, gimana ini?",3,2023-06-26 03:12:45
Chandra Kurniawan,"Gak Terima email dan otp malah teregister lucu ini APKnya, didaftarkan ulang tidak bisa lagi",1,2023-06-25 07:16:14
fhanny julia,Bobrok banget,1,2023-06-22 23:06:13
Kiki Mulyana,Good,5,2023-06-21 07:36:29
Rasendriya Althaf,Hai aplikasinya bagus banget dan sudah lengkap dan makanannya enak-enak mantap Coffeenya juga pokoknya starbucks mantap banget terima kasih starbucks Indonesia,5,2023-06-20 16:21:18
Muhamad Bagus Setiawan,Banyak bug,1,2023-06-18 06:07:27
Frido Yoga,Saya baru saja ganti pasword untuk pindah ke handphone baru saya masa ga bisa login trus gimana nih,3,2023-06-17 02:31:31
Marhusarianto Sinaga,Bagus,3,2023-06-16 14:32:06
Devina,Makasih min dah di bantu 🥰🥰🥰🥰🥰,5,2023-06-13 08:54:58
Bang Zoel,saya rasa sudah ok untuk keamanan pin ya baik,5,2023-06-13 06:25:41
Nhurul Orlin,Apakah cm utk jabodetabek?,1,2023-06-12 13:50:52
Rindu,Brands applikasi yg registerny paling ribet... Brand2 lain gak si ribet ini...🤪,1,2023-06-11 00:45:41
Annisa Raya,"Aplikasi sulit, tidak mudah dan nyaman untuk digunakan",1,2023-06-10 04:08:16
Airlangga Metarium,So far TIDAK ada kendala dan sangat puas penggunaan nya Mungkin masukan agar bisa memilih design ecard nya sendiri jadi point plus,5,2023-06-08 17:55:42
Muhammad Yongky Fernanda,Oke,5,2023-06-08 14:24:18
Siang Setiawan,Goodddddd,5,2023-06-08 13:09:52
David Tambunan,Aplikasi nya bagus tapi untuk store nya belum masuk semua di apk jadi tidak bisa melakukan pembayaran,5,2023-06-07 13:58:42
Kharis Tauvani,Gk bisa registrasi,1,2023-06-05 13:06:05
Dejan Ahmad arsy,Jelek,1,2023-06-02 02:21:04
Akbar Madi,aplikasi nya sangat membantu perkembangan mood saya.,5,2023-06-01 15:12:49
pradipta22 dita,Sangat susah digunakan ribet gagal mulu regrtasi lah sudah terdaftar lah ga jelas👎👎👎👎,1,2023-05-31 15:27:04
Yusuf Wijaya,Aplikasinya keren,5,2023-05-31 10:03:48
Lintang Cahya,Hhi,4,2023-05-30 10:56:20
Dapoer 25,"Ka, saya udah email. Tolong bantu saya, saya mau login tp lupa alamat email. Bisa tolong bantu mnggunakan nomor telpon? Saya ingat pin di Starbucks ecard nya. Thx.",4,2023-05-23 15:03:58
Elyzzabeth mayorga ambarita,Kok mau upgrade ke premium susah bgt ya..udh dicoba beberapa kali failed mulu,1,2023-05-22 08:01:15
A. Walitakhri,"Kok pilih store di kota Makassar, blm bisa? Perlu update uplikasinya",2,2023-05-21 12:47:57
aconk lodskey,Good,5,2023-05-11 02:12:50
Indri Kumala,Reward sy hilang padahal belum tanggal expirednya,2,2023-05-10 03:49:29
Rendi Sugara,"Lokasi saya di batam. Malah outlet di jakarta yg di kasih. Mau order jdi bingung pickup nya dmna. Di click outlet di batam tidak ketemu, sangat membingungkan",2,2023-05-04 23:44:36
Andres Yudha Dwiputra,tidak bisa login,1,2023-05-02 09:17:27
Eric Limanda,不将计就计划算的话,5,2023-04-30 18:31:45
sanny bka,Semoga ke depannya bisa transfer saldo ke sesama pengguna. Amin,4,2023-04-30 12:02:42
Hendi Winarko,gak bisa di pakai di malang kota..padahal outletnya ada.,1,2023-04-29 04:28:24
M.Tsaqib Alghifari,"Masih banyak yang kurang sih, Terutama di bagian topup ya, Tambahin lagi metode payment, Kayak dana Dll jangan bank doang.",3,2023-04-26 14:50:43
Ray Cova,"sedikit saran ; 1. untuk versi bahasa indonesia koq msh campur aduk bhs inggris ?? jadinya agak berantakan waktu dibaca krn terlalu banyak penggunaannya (kalo satu/ dua kata sih msh bisa ditolelir ya.. ) 2. untuk reward ada beberapa yg tiba2 hilang, padahal blm expired di tanggal/jam tersebut.",3,2023-04-22 02:41:49
ndi ekhy,"Buat akun pengguna baru tp error giliran di sign up mlh g bs, hrs ganti nomor bru n email baru, ribet bgt deh.. saking keselx g bs login aplikasinya ku unistal",1,2023-04-14 23:40:49
Tanto 2023,Hendry Hartanto,5,2023-04-14 12:32:58
Annisaindahpratiwi Indah,Bagus,5,2023-04-12 21:00:04
